LatestNews-timestamp,LatestNews-title,LatestNews-link
18 Min Ago,Perplexity AI makes a bid to merge with TikTok U.S.,https://www.cnbc.com/2025/01/18/perplexity-ai-makes-a-bid-to-merge-with-tiktok-us.html
3 Hours Ago,"Solana surges 15% on launch of Trump-themed meme coin, ether falls",https://www.cnbc.com/2025/01/18/crypto-market-today.html
4 Hours Ago,"What to expect from travel prices in 2025, and which spots have the best deals",https://www.cnbc.com/2025/01/18/what-to-expect-from-travel-prices-in-2025.html
5 Hours Ago,Consumer protection agencies at risk in Trump's second term: What it means for you,https://www.cnbc.com/2025/01/18/how-trumps-second-term-could-mean-the-downfall-of-the-fdic-cfpb.html
6 Hours Ago,Why the gold boom is causing a surge in illegal mining,https://www.cnbc.com/2025/01/18/why-the-gold-boom-is-causing-a-surge-in-illegal-mining.html
6 Hours Ago,Google Maps is turning 20 — mapping more countries and adding AI capabilities,https://www.cnbc.com/2025/01/18/google-maps-turns-20-adds-ai-features-new-countries-to-beat-apple.html
7 Hours Ago,Trump inauguration trades: The sectors that could win in the early days,https://www.cnbc.com/2025/01/18/trump-inauguration-trades-the-sectors-that-could-win-in-the-early-days.html
7 Hours Ago,'Physical AI' is the next frontier for the tech cycle. How to play it,https://www.cnbc.com/2025/01/18/is-physical-ai-the-next-growth-phase-in-the-ai-cycle-how-to-get-ahead.html
7 Hours Ago,GLP-1s and Brian Thompson’s killing loom large at top health-care conference,https://www.cnbc.com/2025/01/18/glp-1s-brian-thomson-killing-loom-large-at-jpm-health.html
7 Hours Ago,Bank of America says these stocks are table-pounding buys ahead of earnings,https://www.cnbc.com/2025/01/18/stocks-with-upside-bank-of-america-says-.html
8 Hours Ago,TikTok creators post farewell videos to their fans ahead of expected U.S. ban,https://www.cnbc.com/2025/01/18/tiktok-creators-post-farewell-videos-to-their-fans-ahead-of-us-ban.html
18 Hours Ago,TikTok says it will go dark on Sunday unless Biden intervenes; White House calls it a 'stunt',https://www.cnbc.com/2025/01/17/tiktok-says-it-will-go-dark-on-sunday-unless-biden-intervenes.html
20 Hours Ago,Cramer's Lightning Round: Adobe is a buy,https://www.cnbc.com/2025/01/17/cramers-lightning-round-adobe-is-a-buy.html
20 Hours Ago,"Jim Cramer parses big bank earnings, says stocks have 'quite a bit more upside'",https://www.cnbc.com/2025/01/17/jim-cramer-parses-bank-earnings-stocks-have-quite-a-bit-more-upside.html
20 Hours Ago,"Cramer's week ahead: Inauguration, Procter & Gamble, American Express earnings",https://www.cnbc.com/2025/01/17/cramers-week-ahead-inauguration-procter-gamble-american-express-earnings.html
23 Hours Ago,"DOJ sues Walgreens, alleging it filled millions of unlawful prescriptions",https://www.cnbc.com/2025/01/17/doj-sues-walgreens-prescriptions.html
23 Hours Ago,Returns on Treasury bonds haven't been this poor in the last 90 years,https://www.cnbc.com/2025/01/17/returns-on-treasury-bonds-havent-been-this-poor-in-the-last-90-years.html
23 Hours Ago,"These stocks offer dividend growth and have cash flow to back it up, Wolfe says",https://www.cnbc.com/2025/01/17/these-stocks-offer-high-dividend-growth-and-have-the-cash-flows-to-back-it-up-wolfe-says.html
23 Hours Ago,Here's what it will take for Apple to get out of its 2025 funk,https://www.cnbc.com/2025/01/17/heres-what-it-will-take-for-apple-to-get-out-of-its-2025-funk.html
24 Hours Ago,CFPB fines Equifax $15 million over errors on credit reports,https://www.cnbc.com/2025/01/17/cfpb-fines-equifax-15-million-for-errors-on-credit-reports.html
"January 17, 2025","Why the market turned around this week — plus, the portfolio winners and losers",https://www.cnbc.com/2025/01/17/why-the-stock-market-turned-around-this-week-and-the-club-winners-losers.html
"January 17, 2025",Apple CEO doesn't want 'traditional' retirement: I'll always 'want to work',https://www.cnbc.com/2025/01/17/apple-ceo-tim-cook-on-retirement-ill-always-want-to-work.html
"January 17, 2025",Crypto firm Digital Currency Group to pay SEC $38.5 million for misleading investors,https://www.cnbc.com/2025/01/17/crypto-firm-dcg-to-pay-sec-38point5-million-for-misleading-investors.html
"January 17, 2025",Investors have bet on the Trump bump. Now they get clarity on what's possible,https://www.cnbc.com/2025/01/17/investors-have-bet-on-the-trump-bump-whats-actually-possible.html
"January 17, 2025",Gold chart indicates buyers and sellers are having a showdown,https://www.cnbc.com/2025/01/17/gold-chart-indicates-buyers-and-sellers-are-having-a-showdown-how-it-may-be-resolved.html
"January 17, 2025","FAA grounds SpaceX Starship after midflight explosion, reports property damage",https://www.cnbc.com/2025/01/17/faa-grounds-spacex-starship-reports-property-damage-in-caribbean.html
"January 17, 2025","Stocks making the biggest moves midday: Novo Nordisk, J.B. Hunt, Rivian, Intel",https://www.cnbc.com/2025/01/17/stocks-making-the-biggest-moves-midday-nvo-qrvo-jbht.html
"January 17, 2025","The future of TikTok is cloudy, but Jim Cramer's advice for investors isn't",https://www.cnbc.com/2025/01/17/the-future-of-tiktok-is-cloudy-but-jim-cramers-advice-for-investors-isnt.html
"January 17, 2025",Sam Altman posts letter from senators asking about OpenAI efforts to 'cozy up' to Trump,https://www.cnbc.com/2025/01/17/sam-altman-posts-letter-from-senators-concerned-about-openai-donations.html
"January 17, 2025",This startup plans to recycle aluminum from cars and keep it all in the U.S.,https://www.cnbc.com/2025/01/17/this-startup-plans-to-recycle-aluminum-from-cars-and-keep-it-all-in-the-us.html
